create table actores as select * from sakila.actor;

create table film as select * from sakila.film;

create table film_actor as select * from sakila.film_actor;

MySQL  localhost:3306 ssl  examen3  SQL > show tables;
+-------------------+
| Tables_in_examen3 |
+-------------------+
| actores           |
| film              |
| film_actor        |
+-------------------+

how create table actores;
+---------+-------------------------------------------------------------------------------------------------------------------------------------------------------------------------------------------------------------------------------------------------------------------------------------------------------------------------------------------------------------+
| Table   | Create Table                                                                                                                                                                                                                                                                                                                                                |
+---------+-------------------------------------------------------------------------------------------------------------------------------------------------------------------------------------------------------------------------------------------------------------------------------------------------------------------------------------------------------------+
| actores | CREATE TABLE `actores` (
  `actor_id` smallint(5) unsigned NOT NULL DEFAULT '0',
  `first_name` varchar(45) CHARACTER SET utf8 NOT NULL,
  `last_name` varchar(45) CHARACTER SET utf8 NOT NULL,
  `last_update` timestamp NOT NULL DEFAULT CURRENT_TIMESTAMP ON UPDATE CURRENT_TIMESTAMP
) ENGINE=InnoDB DEFAULT CHARSET=utf8mb4 COLLATE=utf8mb4_0900_ai_ci |
+---------+-------------------------------------------------------------------------------------------------------------------------------------------------------------------------------------------------------------------------------------------------------------------------------------------------------------------------------------------------------------+
1 row in set (0.0065 sec)

 MySQL  localhost:3306 ssl  examen3  SQL > show create table film;
+-------+-----------------------------------------------------------------------------------------------------------------------------------------------------------------------------------------------------------------------------------------------------------------------------------------------------------------------------------------------------------------------------------------------------------------------------------------------------------------------------------------------------------------------------------------------------------------------------------------------------------------------------------------------------------------------------------------------------------------------------------------------------------------------------------------------------------------------------------------------------------------------------------------------------------------------------+
| Table | Create Table                                                                                                                                                                                                                                                                                                                                                                                                                                                                                                                                                                                                                                                                                                                                                                                                                                                                                                                |
+-------+-----------------------------------------------------------------------------------------------------------------------------------------------------------------------------------------------------------------------------------------------------------------------------------------------------------------------------------------------------------------------------------------------------------------------------------------------------------------------------------------------------------------------------------------------------------------------------------------------------------------------------------------------------------------------------------------------------------------------------------------------------------------------------------------------------------------------------------------------------------------------------------------------------------------------------+
| film  | CREATE TABLE `film` (
  `film_id` smallint(5) unsigned NOT NULL DEFAULT '0',
  `title` varchar(255) CHARACTER SET utf8 NOT NULL,
  `description` text CHARACTER SET utf8,
  `release_year` year(4) DEFAULT NULL,
  `language_id` tinyint(3) unsigned NOT NULL,
  `original_language_id` tinyint(3) unsigned DEFAULT NULL,
  `rental_duration` tinyint(3) unsigned NOT NULL DEFAULT '3',
  `rental_rate` decimal(4,2) NOT NULL DEFAULT '4.99',
  `length` smallint(5) unsigned DEFAULT NULL,
  `replacement_cost` decimal(5,2) NOT NULL DEFAULT '19.99',
  `rating` enum('G','PG','PG-13','R','NC-17') CHARACTER SET utf8 DEFAULT 'G',
  `special_features` set('Trailers','Commentaries','Deleted Scenes','Behind the Scenes') CHARACTER SET utf8 DEFAULT NULL,
  `last_update` timestamp NOT NULL DEFAULT CURRENT_TIMESTAMP ON UPDATE CURRENT_TIMESTAMP
) ENGINE=InnoDB DEFAULT CHARSET=utf8mb4 COLLATE=utf8mb4_0900_ai_ci |
+-------+-----------------------------------------------------------------------------------------------------------------------------------------------------------------------------------------------------------------------------------------------------------------------------------------------------------------------------------------------------------------------------------------------------------------------------------------------------------------------------------------------------------------------------------------------------------------------------------------------------------------------------------------------------------------------------------------------------------------------------------------------------------------------------------------------------------------------------------------------------------------------------------------------------------------------------+
1 row in set (0.0050 sec)

 MySQL  localhost:3306 ssl  examen3  SQL > show create table film_actor;
+------------+--------------------------------------------------------------------------------------------------------------------------------------------------------------------------------------------------------------------------------------------------------------------------------+
| Table      | Create Table                                                                                                                                                                                                                                                                   |
+------------+--------------------------------------------------------------------------------------------------------------------------------------------------------------------------------------------------------------------------------------------------------------------------------+
| film_actor | CREATE TABLE `film_actor` (
  `actor_id` smallint(5) unsigned NOT NULL,
  `film_id` smallint(5) unsigned NOT NULL,
  `last_update` timestamp NOT NULL DEFAULT CURRENT_TIMESTAMP ON UPDATE CURRENT_TIMESTAMP
) ENGINE=InnoDB DEFAULT CHARSET=utf8mb4 COLLATE=utf8mb4_0900_ai_ci |
+------------+--------------------------------------------------------------------------------------------------------------------------------------------------------------------------------------------------------------------------------------------------------------------------------+
1 row in set (0.0041 sec)
